r_mean,r_median,r_std,g_mean,g_median,g_std,b_mean,b_median,b_std,green_coverage,hue_mean,hue_std,sat_mean,sat_std,val_mean,val_std,sobel_mean,sobel_std,canny_mean,canny_std,binary_mean,binary_std,lbp_mean,lbp_std,lbp_0,lbp_1,lbp_2,lbp_3,lbp_4,lbp_5,lbp_6,lbp_7,lbp_8,lbp_9,contrast,dissimilarity,homogeneity,energy,correlation,ASM,entropy,image_id,Sampling_Date,State,Species,Pre_GSHH_NDVI,Height_Ave_cm
118.343473,121.0,43.41787284400597,154.5673215,161.0,43.35540701937463,56.807031,53.0,40.486829808779056,0.9636425,41.077518,4.697076639749026,172.305519,48.084335361327796,154.932602,43.22183640834336,114.57933608591219,113.10089371049015,53.17923,103.59861556317776,147.6708825,125.89434260192633,5.89459228515625,3.492121616377828,0.1188507080078125,0.115997314453125,0.037933349609375,0.0267486572265625,0.024139404296875,0.030059814453125,0.0376129150390625,0.1075592041015625,0.11285400390625,0.38824462890625,2194.820108942485,35.028966443194804,0.040536462504854216,0.00812007844841725,0.337962019835876,6.633805747310642e-05,9.903458898649907,ID1703304524,2015/11/10,Tas,Ryegrass_Clover,0.86,7.0
115.4970905,124.0,67.154237800267,132.8667995,148.0,64.60960633781018,83.4353875,84.0,61.03904221254494,0.758712,39.5901595,13.063375837223688,121.4404225,67.63199691360218,135.0347455,65.4863371494408,188.37157630635633,174.9813275777119,67.7163975,112.61514495005544,135.2615625,127.26353817004542,5.84906005859375,3.513695004309143,0.1242523193359375,0.117828369140625,0.0388641357421875,0.0238037109375,0.0234222412109375,0.0272216796875,0.0366058349609375,0.108917236328125,0.12152099609375,0.3775634765625,4261.276307475115,48.56477305904274,0.03453498552720327,0.006453526587237438,0.425630278887567,4.177182929382998e-05,10.340787950269634,ID1070112260,2015/1/15,NSW,Fescue_CrumbWeed,0.6,6.0
92.1588285,63.0,78.26080013651527,124.8871695,108.0,74.34452098021934,65.6235805,35.0,73.11180358779298,0.9547745,47.733182,10.793853119015287,155.822857,70.95120831499314,125.05712,74.33813312362366,140.01526026493426,179.7295002217019,45.7025025,97.8029621368264,81.1564275,118.77930496486852,5.8085479736328125,3.4113817140197513,0.1095428466796875,0.11260986328125,0.0395050048828125,0.033599853515625,0.03961181640625,0.0407257080078125,0.044769287109375,0.1107177734375,0.1098480224609375,0.35906982421875,4904.328601800902,47.648478349686165,0.056754177139948285,0.008163060348917757,0.5384109841247708,6.895338254151796e-05,10.18905936969908,ID1839139621,2015/5/18,Tas,Ryegrass,0.8,8.0
144.0655525,146.0,43.19119859843836,143.9286295,150.0,43.38185893610059,78.234996,77.0,42.454114875710026,0.4838425,29.5264885,7.551044057570301,134.301692,45.654592977455565,151.93396,42.32939800798494,144.5816245246012,127.13570428808421,66.8282325,112.13913959196381,157.566285,123.90427154177846,5.932830810546875,3.5375236402130708,0.1244964599609375,0.11859130859375,0.0371856689453125,0.0212554931640625,0.0184326171875,0.0238037109375,0.03076171875,0.105621337890625,0.119232177734375,0.4006195068359375,2549.286908941351,38.413120464486155,0.03269985435270347,0.008084074844020505,0.20251854089349752,6.548841929172416e-05,9.9350922432135,ID1962379474,2015/11/10,Tas,Ryegrass_Clover,0.55,5.1667
115.1225105,116.0,48.04959487526809,128.3642535,129.0,47.24358433573533,112.5591135,114.0,46.99096104139727,0.599698,83.1715865,44.90071393166281,50.4212615,42.88172235636786,131.5240415,47.19133299670903,152.6691142669125,132.9435504789774,69.943695,113.76959943124953,119.6221575,127.25639314999151,5.9265899658203125,3.4960169865995607,0.12017822265625,0.11468505859375,0.03826904296875,0.02301025390625,0.0218353271484375,0.0295562744140625,0.03631591796875,0.1062469482421875,0.119537353515625,0.3903656005859375,2799.342882380141,39.74989765054615,0.03159926724215812,0.007282205569083365,0.283923155264333,5.3103865063233634e-05,10.104470927898628,ID567744300,2015/9/3,Tas,Ryegrass_Clover,0.57,2.3333
88.7845035,59.0,79.95575154895664,123.277726,105.0,75.41250428323491,67.7297815,37.0,74.73321538955925,0.9707745,49.908168,10.360688340249217,152.3547135,72.04631801024199,123.352311,75.43232446345053,154.57274002637922,192.78553663264626,48.7783125,100.29529359422772,83.5274175,119.67732445321751,5.84747314453125,3.418322172693727,0.1104278564453125,0.1126556396484375,0.03857421875,0.0312957763671875,0.03558349609375,0.0378875732421875,0.0434417724609375,0.1126708984375,0.114501953125,0.3629608154296875,5546.5082434052965,51.31091827663863,0.05265005004318534,0.008133354522115187,0.4927466589060889,6.847261328527705e-05,10.21550411892828,ID1474775613,2015/5/18,Tas,Ryegrass,0.86,10.0
110.862048,104.0,62.69173775104417,136.2696505,135.0,63.20150597183466,57.948934,42.0,56.428143778292444,0.92874,39.5766405,5.784456865926113,171.453471,61.96797582664904,136.798848,63.104053363257854,187.01906307781525,166.35847900692085,67.73463,112.62482208093874,110.1585975,126.31518419941838,5.9238128662109375,3.498893775814589,0.123748779296875,0.1117095947265625,0.03814697265625,0.0216827392578125,0.0222930908203125,0.0267791748046875,0.0376739501953125,0.1087188720703125,0.1226043701171875,0.3866424560546875,5117.721350262575,54.87335607099093,0.025103046804586977,0.005699913797842253,0.2727198072853021,3.257411259533773e-05,10.51407859827678,ID1857489997,2015/7/1,Vic,Phalaris_Clover,0.66,3.0
119.317841,109.0,66.0738497221005,117.7378445,104.0,67.84807803463424,74.3621095,55.0,63.93027308099046,0.401468,29.216542,11.682568149265638,133.6214645,65.23098136909516,126.73444,66.84063974773429,181.2546871771554,181.5542344158116,60.810615,108.66819188852723,101.009325,124.71765768344262,5.8574371337890625,3.451040968135272,0.11767578125,0.109771728515625,0.039215087890625,0.02886962890625,0.031341552734375,0.034027099609375,0.0418853759765625,0.1116790771484375,0.115753173828125,0.369781494140625,4779.655499913701,50.55385129818893,0.03793532764681956,0.0062764696536335195,0.40590566583548005,3.960749921613245e-05,10.418678020329438,ID1976436386,2015/10/14,Vic,Phalaris_Clover_Ryegrass_Barleygrass_Bromegrass,0.52,6.0
100.1586865,95.0,55.535363563181235,104.7437985,102.0,54.0712338798681,86.9258355,81.0,53.58109731171003,0.3805825,39.2290365,37.993193703368334,63.8340165,53.43323811989808,108.808191,54.86058753155602,173.96922929798652,146.69392728898015,71.7999675,114.68982683524702,81.2130375,118.80137668614618,5.8721923828125,3.4545375968298173,0.1168212890625,0.1096343994140625,0.038299560546875,0.030975341796875,0.031524658203125,0.0356597900390625,0.0382537841796875,0.10638427734375,0.1175994873046875,0.374847412109375,3208.567297358879,42.690492884352615,0.036333565912109955,0.00674138339641306,0.39084888471665863,4.552644399519844e-05,10.218535745705317,ID473494649,2015/9/1,WA,SubcloverDalkeith,0.54,1.0
112.6554575,98.0,69.73830817395624,113.1086645,100.0,67.68830906830544,86.17631,67.0,68.77597221256781,0.430414,32.6014,25.06352241884608,96.8208475,62.89052492929079,119.795113,68.36321480384923,220.29966621128,192.78727835414534,72.0233475,114.79804452774547,93.471525,122.87519232609316,5.9350128173828125,3.4871026572876613,0.1248016357421875,0.1087493896484375,0.0353851318359375,0.0228424072265625,0.0220947265625,0.0288543701171875,0.0383148193359375,0.1119384765625,0.122314453125,0.38470458984375,5583.442999538595,56.673252204696354,0.025735371678131377,0.005896798709906003,0.3286289654325767,3.484897064753185e-05,10.506732971895314,ID1953171547,2015/9/4,Tas,Ryegrass_Clover,0.44,5.5
132.953809,135.0,55.58741811229875,135.2054195,143.0,56.639881102709055,117.9491625,118.0,56.05812960711936,0.469668,57.9422305,50.98335703133789,55.4258805,39.210076527593245,141.547305,55.660395652896504,184.18764631639533,158.63743768236577,71.12205,114.35810751231193,144.5150025,126.35956509075598,5.9402313232421875,3.5227507777577287,0.1249237060546875,0.1146392822265625,0.037109375,0.0213470458984375,0.0196380615234375,0.0247650146484375,0.03253173828125,0.10687255859375,0.1219024658203125,0.396270751953125,4307.756982455905,50.71921269764378,0.024766310386033566,0.006197743423215147,0.2257247002329671,3.847085219788859e-05,10.38288834176067,ID679913293,2015/6/26,Tas,Ryegrass_Clover,0.53,3.0
126.7533465,121.0,51.268170540316135,129.766861,126.0,49.7627142970184,90.5031905,85.0,46.46683181389398,0.496634,29.803441,13.479027878876094,96.677887,42.263373956834435,137.9856745,49.9936619710944,128.75505361039197,127.79399253793227,57.3200475,106.44728398178016,110.5974525,126.37465682647866,5.800628662109375,3.4372048304094713,0.1086578369140625,0.11529541015625,0.04595947265625,0.0350494384765625,0.0347747802734375,0.0360260009765625,0.0409088134765625,0.1080169677734375,0.1103363037109375,0.3649749755859375,2466.0756233482516,35.913326214681426,0.041165500468907,0.007572289635193821,0.44040130537186983,5.7696577247277116e-05,10.082876932705888,ID1131079710,2015/11/9,Tas,Clover,0.57,1.5
148.2471345,158.0,53.090142654158605,144.150115,150.0,43.64264915752451,118.7486115,125.0,49.017575983743505,0.311195,24.5878165,16.015888993818848,69.8862835,41.2473705714392,155.932482,47.31163122657764,131.0541078614969,111.59966419137265,70.6167675,114.10761526011721,167.8847325,120.93520323257185,5.9423370361328125,3.4890381222811055,0.1190185546875,0.1127777099609375,0.03826904296875,0.0250244140625,0.0227813720703125,0.0277862548828125,0.0357666015625,0.109222412109375,0.115447998046875,0.3939056396484375,1693.8284625805413,30.31794090614159,0.040196126888576975,0.008251506071691674,0.5691631213719955,6.818097384373013e-05,9.900489000747616,ID2052442675,2015/5/19,Tas,Ryegrass_Clover,0.43,2.0
113.8454695,119.0,46.52572328104713,156.8759745,168.0,47.225823499176265,61.335774,61.0,41.35654216470381,0.9908545,43.669101,3.571505964127599,167.3268595,46.49362228701115,156.9496435,47.25693512832702,81.43713381897314,99.62814519677995,36.7458825,89.5541185920346,153.9538275,124.7254785943925,5.6902923583984375,3.3943646211944305,0.105743408203125,0.111846923828125,0.0489654541015625,0.04217529296875,0.04571533203125,0.0456390380859375,0.048919677734375,0.10595703125,0.097625732421875,0.347412109375,1793.9399296094539,29.08323951424987,0.06451397413814337,0.009359333235917151,0.5547060512623415,8.911690095324184e-05,9.817006869457435,ID574213894,2015/11/10,Tas,Ryegrass_Clover,0.88,8.0
132.647455,131.0,56.876896575173404,133.6757665,135.0,55.69200340387727,82.525302,76.0,54.46850756913387,0.469199,30.1623575,9.331160782142472,123.18063,52.96921896538688,140.8563285,56.00320135492334,157.03316822462986,147.09684348188824,62.8232025,109.87794075766067,126.277785,127.49414178892208,5.8258819580078125,3.4423530617571383,0.11273193359375,0.1118927001953125,0.042144775390625,0.03240966796875,0.0362396240234375,0.037078857421875,0.0408172607421875,0.105499267578125,0.1119537353515625,0.369232177734375,3587.8613912921105,44.58925371251824,0.042881438772311535,0.006452574143342054,0.3644083173250394,4.1780399525461064e-05,10.321218441523454,ID1294770420,2015/11/9,Tas,Ryegrass_Clover,0.59,3.3333
115.8015195,116.0,68.60412314862073,129.571579,132.0,68.24562915269193,79.585358,75.0,62.69790809119421,0.74248,37.701257,11.910992889761582,128.4445705,66.21330428675591,132.488317,68.51438930259478,220.823444147282,190.86431681676962,71.390055,114.48984265906287,122.09196,127.38525465436885,5.88623046875,3.5056145117635626,0.1280517578125,0.110687255859375,0.0358734130859375,0.0234832763671875,0.0219573974609375,0.0300750732421875,0.0364227294921875,0.111572265625,0.1212921142578125,0.380584716796875,5406.033751021834,55.946210532014376,0.02892916028737168,0.006012281612945257,0.3273286670658102,3.624645880557882e-05,10.453898805719247,ID1624268863,2015/1/15,NSW,Fescue_CrumbWeed,0.56,4.0
95.096903,87.0,64.50364261658865,126.5126265,120.0,64.60351310549215,57.859824,43.0,55.35814015742423,0.9719935,44.4587875,6.627322953489119,166.860733,63.56736955941084,126.7082875,64.61652483163532,246.3143591642751,175.60517391151248,79.7115975,118.20540844859003,99.195255,124.31850791609824,5.9480743408203125,3.524776060919288,0.1303558349609375,0.1125640869140625,0.0322418212890625,0.019073486328125,0.01837158203125,0.024261474609375,0.0313568115234375,0.1120452880859375,0.131011962890625,0.3887176513671875,5980.876728272515,60.70455113419087,0.02050792458847562,0.005732110900659052,0.16141509162147177,3.28771216672004e-05,10.496299965624178,ID1148528732,2015/8/18,Vic,Phalaris_Clover,0.86,3.2
106.355649,85.0,71.16256646432029,128.7468985,112.0,67.80428642888809,72.4243425,47.0,68.70130894635628,0.862343,43.0618015,12.916783155050554,141.7316515,68.72894711533525,129.986464,68.02305823598867,213.29008822894843,196.01626115526065,68.5734525,113.06596304693223,92.7951375,122.6858692713064,5.9485321044921875,3.4719056740979526,0.121856689453125,0.1087493896484375,0.035552978515625,0.0234222412109375,0.02227783203125,0.0288543701171875,0.038787841796875,0.115020751953125,0.1221466064453125,0.383331298828125,5712.571941607168,56.566628415167955,0.028724266446216562,0.0062680475000420136,0.31537589891889095,3.946535278258842e-05,10.43165183191298,ID750820644,2015/5/18,Tas,Ryegrass,0.74,5.0
113.7711895,117.0,48.64882533273635,155.809966,164.0,48.40595009994994,59.9024105,57.0,41.624082822201494,0.991585,43.420547,4.551822955782772,169.771762,46.74637267655488,155.8751225,48.401997098363545,135.28077550481171,134.46025416388574,54.882885,104.79983115003941,149.40093,125.60493328343077,5.888824462890625,3.506119909009772,0.1221466064453125,0.1157684326171875,0.0387115478515625,0.02423095703125,0.0218505859375,0.02880859375,0.0388641357421875,0.1074066162109375,0.1134490966796875,0.388763427734375,2958.516863150637,40.08857282956129,0.03685726571917371,0.007577374443407517,0.2838251627034732,5.7694503041523184e-05,10.086402624126777,ID142751858,2015/9/29,Vic,Ryegrass_Clover,0.81,5.0
114.649885,107.0,67.84337702006567,150.818385,148.0,65.6118027719996,67.862869,52.0,61.40025168587535,0.9828085,43.7116595,5.8244269465810765,164.535569,63.62001377590419,150.939854,65.60579579167289,206.73254900749288,171.71951695676483,68.695215,113.12933863991154,124.3814775,127.46185632343894,5.878936767578125,3.506292918688653,0.126739501953125,0.112945556640625,0.0345458984375,0.024261474609375,0.024261474609375,0.0301971435546875,0.0367584228515625,0.1084747314453125,0.1201324462890625,0.381683349609375,5571.261076224149,56.950433742437546,0.025900599562504345,0.00555457675742913,0.2910262130037704,3.092692318712496e-05,10.549517245778862,ID1789853061,2015/8/18,Vic,Phalaris_Clover,0.87,5.2
97.388849,81.0,69.72392986238802,115.3555905,101.0,71.29330795310531,63.972358,42.0,61.4263910621472,0.816628,40.2792415,11.764596834769893,146.7130515,69.99808958863339,117.066253,71.2641377871085,223.59248219637684,203.5136960729249,67.610445,112.55883440184506,97.0227825,123.8038335975817,5.8936614990234375,3.493554697298261,0.1255950927734375,0.113067626953125,0.0348968505859375,0.0220947265625,0.0222320556640625,0.02783203125,0.039459228515625,0.1147003173828125,0.12432861328125,0.37579345703125,5720.272601930047,56.6185142583517,0.032370343063514974,0.006613636864313504,0.3296608955658399,4.392086947440512e-05,10.392791597613876,ID1948354837,2015/1/15,NSW,Fescue_CrumbWeed,0.63,5.0
106.420751,98.0,60.920452933280124,139.198324,138.0,59.59155471701528,50.3406035,31.0,55.188700861279465,0.976754,41.6521665,5.183303807059524,183.2549145,61.14900531568513,139.4324205,59.65856454031709,100.11463714689812,124.50675957531355,38.9355675,91.72017932795895,108.0438825,126.00678351511954,5.76068115234375,3.399354499113157,0.106719970703125,0.11419677734375,0.0427703857421875,0.0352630615234375,0.042724609375,0.0428466796875,0.048126220703125,0.1094818115234375,0.1059417724609375,0.3519287109375,2708.478494434542,35.46661252583564,0.06179277702496219,0.007287704991315159,0.5922129677581788,5.4152224316980856e-05,10.183976663816601,ID1782608354,2015/9/1,WA,Ryegrass,0.81,17.0
134.9733215,136.0,55.91197657709516,137.448735,140.0,54.018146579642796,90.37779,88.0,54.57846297502247,0.5054705,30.9854985,10.075159711215388,111.315851,54.05015886327992,143.5461255,54.134765275544055,213.16210623733443,152.5247889507257,85.171785,120.26874995157212,136.3570425,127.191991879022,5.949462890625,3.535755346969427,0.1284027099609375,0.11529541015625,0.03277587890625,0.0206451416015625,0.01873779296875,0.02374267578125,0.0308380126953125,0.1073150634765625,0.123443603515625,0.3988037109375,4060.5277507602177,50.21982898705264,0.022369359116755527,0.006154736499401861,0.20874931075829675,3.789147844416568e-05,10.36452648271343,ID972274220,2015/11/10,Tas,Ryegrass_Clover,0.56,2.8333
100.7237395,100.0,52.39075621363123,128.4238645,133.0,52.59804168774385,43.1493395,35.0,40.44112574117763,0.94003,40.127066,5.998643199227972,186.499902,50.659397736159434,129.034752,52.72127904649598,177.11649285027565,142.68895712148947,71.620575,114.6025299095503,98.648025,124.19264687814402,5.9495849609375,3.5050523068059487,0.121826171875,0.1143035888671875,0.0359649658203125,0.0225372314453125,0.021881103515625,0.027191162109375,0.034210205078125,0.1058502197265625,0.1200714111328125,0.3961639404296875,3574.04151300006,45.92529108396237,0.027486135710578622,0.006634417604946046,0.2265071059336511,4.40839583316513e-05,10.24513040598141,ID1108283583,2015/8/19,Vic,Phalaris_Ryegrass_Clover,0.83,5.5
117.34522,103.0,66.29239285281231,121.046541,108.0,66.74478145095179,75.258123,54.0,68.1798933375293,0.5355475,31.458715,12.604426466474976,132.165483,71.44320590774683,125.7656685,66.08765285019668,203.33266173472956,188.72669311432887,65.65689,111.49744277573316,96.4778475,123.66841170754458,5.93487548828125,3.4928123754591938,0.125335693359375,0.1094207763671875,0.0357818603515625,0.0220794677734375,0.0209808349609375,0.028533935546875,0.0377960205078125,0.1119232177734375,0.1225128173828125,0.3856353759765625,5590.370905932702,55.9334778090294,0.030279955615574727,0.005956308871711459,0.304098432056642,3.561002924249167e-05,10.502333689216142,ID1244346858,2015/10/6,NSW,Fescue,0.45,12.3333
133.7688085,136.0,44.25589160767556,146.3728525,151.0,44.312101761406495,78.719948,78.0,41.945800729957405,0.75774,35.041049,6.708003799909404,130.973046,44.43512925019894,148.7055995,44.04087614757001,162.66782524614072,133.10937171999197,73.3205325,115.41592308436667,151.392225,125.24141321683244,5.9451751708984375,3.5304591861771213,0.1258087158203125,0.1168365478515625,0.0338592529296875,0.020843505859375,0.0188140869140625,0.0259246826171875,0.0320281982421875,0.10662841796875,0.1186676025390625,0.4005889892578125,2718.614398248318,40.37192681300562,0.028665656697274847,0.00768424733789831,0.1733142191458427,5.908791778239027e-05,9.986065118673004,ID1354190372,2015/11/10,Tas,Ryegrass_Clover,0.67,3.0
132.967241,136.0,56.125871546443875,146.3811315,157.0,63.00413016048795,77.058496,71.0,55.54919854703562,0.6852085,35.117739,9.576774588966735,143.175796,56.53815040984612,151.163974,60.16424443577202,121.1717442812925,136.50488031139787,48.365085,99.96957151024895,145.9218375,126.16214132267883,5.8257293701171875,3.4427752826715703,0.108306884765625,0.1189117431640625,0.04034423828125,0.0338287353515625,0.0356597900390625,0.034454345703125,0.042144775390625,0.104217529296875,0.111846923828125,0.3702850341796875,3441.281113393973,42.22490526480314,0.041395217281037594,0.006548887773005837,0.4799994033877139,4.344330603893286e-05,10.322653385946376,ID210865340,2015/7/1,Tas,Ryegrass,0.67,4.0
104.3248585,102.0,57.001761757466575,126.958723,129.0,56.37210296954754,75.367172,71.0,52.3649433946263,0.9191205,43.4418745,9.51161071671091,125.9437965,59.690430109579445,127.7463075,56.49445589272848,195.20149688168286,155.465456639571,74.045625,115.75353037104047,107.1289425,125.86210715037186,5.967132568359375,3.5202513040486325,0.1235809326171875,0.11688232421875,0.03387451171875,0.0213775634765625,0.0178680419921875,0.023834228515625,0.0319976806640625,0.1074676513671875,0.1245880126953125,0.398529052734375,4393.181977785438,51.34510575860793,0.023574851025294594,0.005988195704172203,0.22230743429431446,3.5887536688657685e-05,10.414477699009343,ID2048645043,2015/6/26,Vic,Ryegrass,0.76,4.0
142.2642745,146.0,44.01096929730872,136.2630605,140.0,40.86067737658468,113.8997295,117.0,43.23936933313007,0.213118,22.3112945,13.829135628602014,64.3999825,34.6002215238529,147.1347345,41.59605875698453,135.07675299456182,111.45162476808554,69.663195,113.62725899797098,154.27398,124.65714578378415,5.8941802978515625,3.5049559037063904,0.12237548828125,0.1145172119140625,0.0391082763671875,0.0246429443359375,0.0219268798828125,0.02801513671875,0.0377655029296875,0.1089324951171875,0.11383056640625,0.388885498046875,2024.9179993272378,34.006441212515156,0.035153672433199945,0.008239316172272382,0.34842926887409503,6.79486510467137e-05,9.876278770915533,ID1498398599,2015/9/4,Tas,Clover,0.36,2.1667
109.227914,96.0,68.43276721139225,118.829262,107.0,67.34903004895733,84.210317,66.0,66.48915424157168,0.6559395,39.517308,21.086194000652085,104.294269,62.335365642271164,122.3923715,67.38645475988471,219.65281769601108,191.88713174989851,71.8272525,114.703074003277,97.8969225,124.01575626721389,5.9509735107421875,3.491316738759639,0.1237640380859375,0.111358642578125,0.034637451171875,0.0217132568359375,0.02093505859375,0.026641845703125,0.03631591796875,0.1136322021484375,0.12408447265625,0.3869171142578125,5518.260525820414,56.415004355309556,0.02616348977110884,0.005877706090201231,0.308679753887339,3.462616912282084e-05,10.505126284876377,ID1011485656,2015/9/4,Tas,Ryegrass_Clover,0.62,4.6667
89.5713325,77.0,61.99944000291007,125.866758,118.0,63.94631612977746,50.2993305,27.0,54.45475588735818,0.9779675,44.9456065,5.775457977265332,181.991675,63.690509212082574,126.0274465,63.95401022758183,165.13591223203127,165.85552951377568,55.676955,105.34562262822304,95.123925,123.32088131210534,5.862945556640625,3.4800916448994847,0.1245880126953125,0.11053466796875,0.03704833984375,0.0240631103515625,0.0253448486328125,0.0332183837890625,0.0406646728515625,0.1136932373046875,0.1187896728515625,0.3720550537109375,4731.009549092361,50.728126351651774,0.03577168274459663,0.0065174550253696015,0.3386283324865293,4.281992182374583e-05,10.3454514805873,ID1437386574,2015/9/30,Vic,Phalaris_Clover,0.75,6.0
101.6889895,105.0,54.090644717630134,149.915876,159.0,55.80335104769806,59.237632,53.0,47.35885522299475,0.9995395,46.725123,4.011955587350265,171.0790745,53.311829575840406,149.918664,55.80403794041347,124.3477929916163,140.73915590593157,49.15227,100.58768912668738,133.0009875,127.38127466988561,5.81219482421875,3.441236636304386,0.1150665283203125,0.1099700927734375,0.0418548583984375,0.03289794921875,0.033599853515625,0.039276123046875,0.0451507568359375,0.10711669921875,0.1072845458984375,0.3677825927734375,2964.4461077771093,38.9208222498561,0.04425669722159711,0.007039152378087406,0.45676767099837134,5.010874948364156e-05,10.189184143129358,ID1753847361,2015/9/30,Vic,Phalaris_Clover,0.83,17.0
113.9380295,115.0,39.98995660359147,147.067084,152.0,38.25777801620141,82.560361,83.0,39.565186459179984,0.9430895,45.8649485,8.843848517039842,120.8981225,46.14328437026338,147.806724,38.30870691354414,135.5111224657388,115.67682008542408,63.1720425,110.08253214692236,145.1961075,126.2659802929849,5.9606475830078125,3.5123628748216364,0.119842529296875,0.1168365478515625,0.03607177734375,0.02349853515625,0.022186279296875,0.024932861328125,0.0309295654296875,0.107513427734375,0.114105224609375,0.404083251953125,2058.6449034326843,33.889524852222635,0.038849602761745754,0.009416489934375303,0.19962412345019426,8.891646727670694e-05,9.70370702755983,ID1078930021,2015/6/26,Vic,Phalaris_Ryegrass_Clover,0.86,5.0
137.3837905,136.0,48.0660409369454,134.011159,133.0,44.322930526723056,111.705784,110.0,47.65464168310729,0.296312,24.589955,21.857689701749706,65.9465345,40.16257677167029,144.53513,44.91986781907423,165.46619878741782,131.3134629268558,77.373885,117.23319749544825,136.247265,127.19958865900382,5.9679718017578125,3.5186700632274825,0.122161865234375,0.1170654296875,0.0355682373046875,0.0214080810546875,0.0182342529296875,0.0231475830078125,0.033172607421875,0.1066436767578125,0.1220550537109375,0.400543212890625,2545.794253892909,38.61753829657255,0.031344111265119524,0.007673063809324583,0.2730404390168967,5.891907851830588e-05,10.027959814167994,ID617132135,2015/5/19,Tas,Ryegrass_Clover,0.47,3.0
106.267005,94.0,66.55524793981297,128.9483125,120.0,65.82627981970685,62.586729,42.0,60.63101804423674,0.8947465,40.2703595,8.038608290043728,158.984696,66.07181980078636,129.871617,65.8728400693739,211.0078912353398,185.46220482733142,69.7946475,113.69407325296572,102.616335,125.04820357033432,5.922515869140625,3.4870114561056207,0.1245269775390625,0.111053466796875,0.0348663330078125,0.0219879150390625,0.02093505859375,0.0300140380859375,0.039215087890625,0.114776611328125,0.120391845703125,0.382232666015625,5261.549408671808,55.2091668168607,0.02786988801945124,0.005952264183316071,0.2991685166464301,3.553865446191303e-05,10.474325931701456,ID808079729,2015/9/3,Tas,Ryegrass_Clover,0.77,2.8333
127.9725435,131.0,51.87861762461109,154.0664755,161.0,49.553586626074825,70.0176005,68.0,46.59602760667906,0.9040525,39.0590025,6.082751696805789,154.2598625,51.210463745030616,154.9930125,49.50953431082584,166.08603604861952,140.26672878005186,68.7437925,113.15457604629589,153.2000475,124.88297545501442,5.9363555908203125,3.5343070008269275,0.1279296875,0.113983154296875,0.0355987548828125,0.0217132568359375,0.0183563232421875,0.0245513916015625,0.0331878662109375,0.1060943603515625,0.11920166015625,0.399383544921875,3379.6414542785074,44.52928281790848,0.028756508346604006,0.006897473131220351,0.23696833173397966,4.764311913099083e-05,10.203271215261985,ID227847873,2015/9/29,Vic,Ryegrass_Clover,0.71,3.0
121.6395725,124.0,45.38410051457717,137.557969,144.0,54.383406031574,125.224328,128.0,50.536056088187344,0.6629325,80.259303,49.04131303252585,54.3118615,25.578844811774008,142.6342545,50.851053221435116,97.90846765125043,109.65903165350342,46.457685,98.42963567666382,139.947825,126.89090453129164,5.72747802734375,3.4109252371810053,0.106109619140625,0.11138916015625,0.0501708984375,0.0413818359375,0.0433502197265625,0.0423736572265625,0.0438995361328125,0.1030426025390625,0.1029052734375,0.355377197265625,1651.395956287925,27.654968236375904,0.06273257715093312,0.008489136011679051,0.656948565008481,7.265550830324435e-05,9.911640097747904,ID1982662138,2015/4/1,NSW,Lucerne,0.79,33.0
99.9563635,74.0,73.51130395630231,102.376796,81.0,73.58165360179383,67.5616515,42.0,64.21096836283151,0.4759635,36.8670235,30.194376972384248,116.5002525,66.27235132343084,109.9762205,74.05971961893576,172.80730004549378,186.5005154979114,55.71903,105.37429641928387,75.5703975,116.4455511567187,5.8278045654296875,3.4174034678108067,0.1123199462890625,0.109161376953125,0.0429229736328125,0.031280517578125,0.0331573486328125,0.038665771484375,0.04498291015625,0.1154937744140625,0.113494873046875,0.3585205078125,5221.5535995784485,51.02844227582408,0.04269693695741314,0.007937794556751341,0.45591918936165304,6.368285577937128e-05,10.23480166778036,ID1217108125,2015/6/29,Tas,WhiteClover,0.62,2.0
106.862784,90.0,68.52886998754133,121.5586985,109.0,68.52487510011309,57.331329,34.0,61.44281574841567,0.8117105,36.51918,7.964630759024552,164.7735,66.52252924949563,123.0253375,68.60536022433737,194.2669612889144,181.21727288139905,66.835755,112.1432092397038,91.2393825,122.2350916002385,5.9353179931640625,3.4768846694409117,0.122161865234375,0.107513427734375,0.038055419921875,0.0244140625,0.0238037109375,0.0280303955078125,0.0384368896484375,0.1130523681640625,0.11968994140625,0.3848419189453125,5563.8462060276515,56.23694120051364,0.026866417021358793,0.005991935093520445,0.3238903287352214,3.605302060435027e-05,10.485550560167622,ID1899025384,2015/6/26,Tas,Ryegrass_Clover,0.7,4.0
110.553661,106.0,59.050139419793744,138.5703675,137.0,57.49336766458324,63.060964,53.0,53.37816162430757,0.9539075,41.182953,5.823229018318874,160.7532835,59.25957051370375,138.8731435,57.55341984563914,187.11835039016793,156.83637212796748,71.0413425,114.31828372267357,113.2282875,126.69873015274206,5.964996337890625,3.513926893710519,0.1240234375,0.113677978515625,0.03564453125,0.0218048095703125,0.019195556640625,0.0231475830078125,0.03271484375,0.1095428466796875,0.12322998046875,0.3970184326171875,4603.902964230055,52.718662969178006,0.023234394290189857,0.005908296416885367,0.22835166565279524,3.497064652720286e-05,10.445928149317863,ID141370843,2015/8/14,Vic,Ryegrass_Clover,0.72,4.0
114.470787,108.0,63.457900466377154,134.6108375,131.0,62.7138294879893,66.158252,53.0,58.383671512714045,0.9193905,38.687846,5.748750114614829,156.9620155,64.25306748846904,135.141448,62.721682546495025,236.67901657665539,173.86646904250182,80.071275,118.35018396637318,112.6292925,126.62982294250214,5.9639129638671875,3.531296784292257,0.129669189453125,0.1132965087890625,0.0319366455078125,0.0193023681640625,0.018218994140625,0.0235748291015625,0.031463623046875,0.107269287109375,0.128997802734375,0.396270751953125,5891.248512907518,60.64122868909649,0.01923872775896296,0.005551108997456813,0.15433271551876993,3.082918558188948e-05,10.543894978614695,ID1496750796,2015/8/14,Vic,Ryegrass_Clover,0.68,2.0
125.556875,126.0,52.74770661587454,140.266225,143.0,48.73908986890682,125.1705385,127.0,50.853559109663294,0.531488,85.2179715,46.87724958788845,55.138807,41.22101355639805,145.595775,48.9216339071926,138.8923130299304,126.21369887692799,65.309835,111.30423791245674,142.9171725,126.56445311423442,5.882293701171875,3.4732208606908457,0.11590576171875,0.114166259765625,0.040863037109375,0.0280609130859375,0.0277862548828125,0.030181884765625,0.0392303466796875,0.107879638671875,0.11370849609375,0.3822174072265625,2070.406434184048,33.57534878412292,0.0439601510339966,0.007480665865404835,0.5221246736383549,5.616339459907378e-05,10.067227901181546,ID1559189397,2015/5/7,NSW,Lucerne,0.56,23.0
116.917749,100.0,70.50512771262099,125.5255145,111.0,71.39054074602802,67.51889,42.0,67.9881252732262,0.631953,33.3293115,9.684152644189771,152.733538,71.13089339381695,128.8337395,71.10304335924123,207.1727168524845,204.13595100070032,63.8847675,110.49593745460032,99.750135,124.44354138516702,5.9260101318359375,3.482588315238036,0.125274658203125,0.1099700927734375,0.033294677734375,0.0214996337890625,0.0229339599609375,0.0288543701171875,0.0411224365234375,0.1153564453125,0.1205291748046875,0.38116455078125,6141.73058000649,58.29515649030617,0.03253513971253223,0.005934769106332286,0.30694626676276143,3.5440840703038956e-05,10.515234997426107,ID2053315094,2015/2/25,NSW,Fescue,0.57,12.0
109.157521,97.0,67.4783810500412,139.444342,132.0,66.47722071647577,65.5926615,42.0,65.57249179226314,0.954143,42.682324,6.243019618664032,164.933062,69.38142205449634,139.853045,66.39763451530465,179.4207777551122,173.38660549693745,60.1304025,108.24780520956529,108.9386775,126.14169535506885,5.876495361328125,3.4710198827004044,0.1205596923828125,0.1128692626953125,0.0363922119140625,0.0250701904296875,0.0266265869140625,0.0326080322265625,0.041900634765625,0.1119842529296875,0.1171112060546875,0.3748779296875,5036.896399086989,52.30158354059421,0.03531915841053848,0.006112330928959964,0.38319892773377173,3.764978433463113e-05,10.453602053289085,ID740402124,2015/9/30,Vic,Phalaris_Clover,0.76,8.0
115.0833435,113.0,61.36494208716413,133.6187675,136.0,59.97848149362356,86.9191685,82.0,58.134826806042945,0.8216505,42.34475,14.750491565961456,112.251509,60.54241288735457,135.427073,60.071888414238074,227.95873599885036,169.34987140475315,80.47239,118.510142594159,121.2510975,127.34677545012863,5.954864501953125,3.5324348321599204,0.1293792724609375,0.11187744140625,0.0347747802734375,0.020538330078125,0.0180816650390625,0.0232696533203125,0.0325469970703125,0.10626220703125,0.125396728515625,0.3978729248046875,5255.922812966154,56.82517867227276,0.02077930902569252,0.005635233118468515,0.1771726178309291,3.1765487841911505e-05,10.52111659329151,ID212206832,2015/6/26,Vic,Ryegrass,0.75,3.0
66.530232,57.0,41.36015392894682,49.1008845,45.0,23.92673982843587,55.0408535,51.0,25.53270421423351,0.160983,112.3904765,60.585370244003194,60.8419335,51.86926167280171,67.987742,41.08530811301572,55.03128675971696,53.35848206770691,19.8082725,68.25497658094787,4.122585,32.15996685193838,5.9458160400390625,3.431921505024119,0.1103668212890625,0.1079559326171875,0.0418853759765625,0.0296478271484375,0.0283355712890625,0.032135009765625,0.0398712158203125,0.1099090576171875,0.1165008544921875,0.383392333984375,661.869730362162,18.508901504230103,0.0659029920005116,0.014925030818899815,0.48128902858600786,0.00022387086425740683,8.796458568357874,ID1444674500,2015/7/8,WA,Clover,0.43,1.0
129.37653,132.0,46.195988831922406,132.525572,135.0,45.90152167491636,129.9935955,134.0,44.66922960475567,0.249378,106.10472,51.03770416781695,29.618016,30.086832156671868,138.4092705,45.37904216880111,154.76473611071094,134.46062642492046,68.85969,113.21468121716326,141.1676175,126.76531951552714,5.9297943115234375,3.5008499936311317,0.121337890625,0.11395263671875,0.0380706787109375,0.0232696533203125,0.022003173828125,0.0272369384765625,0.0358123779296875,0.107696533203125,0.1186370849609375,0.3919830322265625,2621.526195258544,38.14464218990523,0.03370295822888646,0.00765720324899985,0.28329774872697056,5.871731857956894e-05,10.032053349437948,ID1515990019,2015/9/3,Tas,Ryegrass_Clover,0.41,2.1667
132.832986,125.0,63.21335639185602,117.8529905,109.0,64.15462598836429,77.793971,63.0,62.138730804958975,0.152914,22.2057105,9.286241795806834,131.9995655,63.29488275770175,134.4813085,63.12590256485705,238.61573148215408,187.36567674800168,80.3072775,118.44448886730856,104.2864575,125.3689811899287,5.93743896484375,3.5095596544926657,0.1266326904296875,0.1113739013671875,0.035430908203125,0.0213775634765625,0.0203704833984375,0.0268707275390625,0.033233642578125,0.1102752685546875,0.126007080078125,0.388427734375,5342.884644368312,56.833732879191636,0.022547303511453398,0.005736862535528178,0.22939688895963353,3.2936079792482515e-05,10.500975663304658,ID914754166,2015/10/13,Vic,Phalaris_BarleyGrass_SilverGrass_SpearGrass_Clover_Capeweed,0.37,2.5
103.8863225,103.0,56.98988041684238,145.004316,150.0,58.80719279452255,55.012922,44.0,50.37877726803138,0.9965655,44.3980445,4.3133722394455765,177.819177,56.64572895675958,145.0228535,58.80455215557329,136.58154013650275,144.12024739411498,51.3693675,102.27598347192723,122.39796,127.39787748560958,5.8400421142578125,3.46809045294784,0.1186370849609375,0.11334228515625,0.0400238037109375,0.028045654296875,0.027679443359375,0.0347442626953125,0.041778564453125,0.1102142333984375,0.1139068603515625,0.3716278076171875,3628.48351479922,43.85352191765446,0.03804056414376288,0.006385932092319294,0.40210240137515374,4.105871670125236e-05,10.323247893685135,ID1675365449,2015/9/30,Vic,Phalaris_Clover,0.79,16.0
151.008375,164.0,44.00889237255779,139.619664,150.0,42.72709525028708,117.8442625,126.0,45.385743271770856,0.077359,19.7597375,7.519099442825168,64.576857,37.76664852752427,152.034409,43.02833191073899,115.60536194407342,115.86113876438372,52.9873425,103.46068756918108,167.532705,121.0521892837258,5.855010986328125,3.438179785394549,0.111419677734375,0.1098480224609375,0.0416259765625,0.0344696044921875,0.03533935546875,0.0383148193359375,0.0389556884765625,0.1053314208984375,0.1077423095703125,0.376953125,1579.9259605080092,27.957416138023547,0.057779377404658425,0.010525775904297457,0.534158904125301,0.00011110989890502494,9.626807214703852,ID846984946,2015/11/9,Tas,Ryegrass_Clover,0.3,1.1667
114.7405935,110.0,73.65168469062847,135.5531945,130.0,71.9377987732817,100.0613435,92.0,73.43649874874899,0.8201785,56.7059105,27.900043671399327,105.1732315,59.50220767624854,139.512193,72.62625653529685,102.86539483162291,130.29952747471626,36.7792875,89.5879585853609,123.07524,127.42319843318326,5.7136688232421875,3.396834202145422,0.1078643798828125,0.1106719970703125,0.04827880859375,0.0394134521484375,0.041748046875,0.0436248779296875,0.0498809814453125,0.110198974609375,0.1024627685546875,0.345855712890625,3085.9832440951827,36.71732527754092,0.07251129893108028,0.008645156382172956,0.691324228503248,7.602331679591429e-05,10.074176340141506,ID576621307,2015/1/15,NSW,Lucerne,0.73,63.0
96.8167835,81.0,64.5990569452382,134.2063175,124.0,64.86632697778711,62.2983935,43.0,59.52122757318736,0.987582,46.295468,5.583470395817997,163.864257,64.27099375953316,134.296334,64.87723739618116,181.34999826105397,169.54234867936577,60.1349925,108.25066172788478,99.5123475,124.39027818740196,5.86102294921875,3.470272129219915,0.119415283203125,0.1108551025390625,0.0401763916015625,0.0286865234375,0.0281219482421875,0.031982421875,0.039581298828125,0.1097412109375,0.117279052734375,0.3741607666015625,4977.00140916426,52.09984732435551,0.033241030874792486,0.0061014279940135915,0.34562547915717745,3.743373988889324e-05,10.44012054338671,ID751517087,2015/8/18,Vic,Phalaris_Clover,0.86,5.2
124.8630065,123.0,58.04676521806325,138.2339845,144.0,57.809881324508545,77.6157415,70.0,54.005940589023886,0.7085775,35.818382,10.23217850225826,132.2440815,56.070442710231525,141.7922985,57.870563161134825,166.27941730404385,157.60245424176506,66.86559,112.15934345364144,130.47789,127.46521945671256,5.9145965576171875,3.4940068774469166,0.1213226318359375,0.1129608154296875,0.03741455078125,0.0251922607421875,0.0235748291015625,0.0289306640625,0.0367584228515625,0.10748291015625,0.117919921875,0.3884429931640625,3875.8192292631084,46.927519433635624,0.03143137717134775,0.006193880392079266,0.3312191662254261,3.849915252579094e-05,10.379897639053853,ID354528442,2015/2/24,NSW,Ryegrass,0.68,10.0
108.9511525,109.0,53.53733154931933,141.556824,147.0,54.15914007841172,57.541083,50.0,47.9164169381133,0.969644,41.731635,4.979172544386768,169.535633,55.814318398501584,141.756948,54.14406500924451,156.4111574154116,147.19572268232295,61.2511275,108.9373071655379,122.76159,127.411920441817,5.9020843505859375,3.503587628519802,0.1210174560546875,0.1153564453125,0.0391082763671875,0.02520751953125,0.022247314453125,0.026824951171875,0.0375823974609375,0.10498046875,0.119659423828125,0.3880157470703125,3736.4182853351945,46.30157460472194,0.0298870891967022,0.0064196480338959295,0.2747055115787916,4.133706464466813e-05,10.309363238339667,ID1665142816,2015/7/1,Vic,Phalaris_Clover,0.73,4.0
124.9852215,126.0,53.33360834498205,134.0771015,138.0,52.91237837083774,113.483305,114.0,54.14888386917109,0.6524365,57.931711,40.70329839966878,59.0858115,43.428224127708326,137.4547295,52.639115091173686,201.3056408665478,141.82732792134414,78.1793025,117.57431181220453,134.55789,127.30450184006808,5.94097900390625,3.54384444023032,0.12908935546875,0.1166839599609375,0.0341949462890625,0.0195465087890625,0.0163726806640625,0.0233154296875,0.03009033203125,0.109161376953125,0.123382568359375,0.398162841796875,4281.304344197848,51.474034851383166,0.021806144656551625,0.006214932622059734,0.1470346319061804,3.863692445289991e-05,10.354849930495176,ID2014192906,2015/6/26,Vic,Ryegrass,0.63,3.0
89.7260535,65.0,70.99960490604958,126.490821,109.0,70.62363277080807,70.693754,44.0,68.46596500734861,0.98679,50.7845775,7.989518987179002,144.998327,68.1040052067503,126.563742,70.62878054983987,188.22017222941693,202.14164055911058,56.92518,106.18589728380883,92.299035,122.54444933602161,5.884735107421875,3.4592028159283252,0.1207122802734375,0.110382080078125,0.035919189453125,0.02520751953125,0.0273895263671875,0.0320587158203125,0.042449951171875,0.1154937744140625,0.119598388671875,0.37078857421875,5452.414977909334,52.94408990834311,0.041522981915920056,0.006789349017023408,0.3888009440658841,4.6470273819027125e-05,10.376942541328791,ID1168534540,2015/5/7,NSW,Fescue,0.86,9.0
93.460634,75.0,70.65239054920961,113.496034,100.0,70.47002548084431,88.3226675,73.0,66.89972650306159,0.89655,57.1231475,19.890940907690716,94.258048,63.06720685292552,114.125967,70.36771967539458,184.3961105110522,180.7746927680856,58.51485,107.22545910126712,89.6050875,121.73834895634715,5.8670654296875,3.4663470747451064,0.1177215576171875,0.113372802734375,0.0388336181640625,0.028289794921875,0.0281982421875,0.0316314697265625,0.038238525390625,0.110198974609375,0.12225341796875,0.3712615966796875,5619.908331877816,54.417715166657466,0.03415144334934496,0.006175645887616838,0.38760389008568064,3.83844818357879e-05,10.470824673807899,ID2037861084,2015/6/30,Vic,Phalaris_Clover,0.77,3.8
118.596134,123.0,55.53683789390644,148.2184975,156.0,55.89878808473843,63.8898815,60.0,49.732858407857044,0.97074,40.8374765,4.696359186853976,164.0382665,56.006713429507506,148.44356,55.9031652728752,159.5686567612881,141.3455087061426,62.9387175,109.94585395527743,138.7206375,127.00530419668932,5.9006195068359375,3.5071854752790244,0.1226806640625,0.11529541015625,0.03802490234375,0.0236968994140625,0.02203369140625,0.027496337890625,0.0375213623046875,0.10693359375,0.117950439453125,0.38836669921875,3955.2037154130444,47.97862746600048,0.02812557935762494,0.006280595836336328,0.28985667057300013,3.955634203169889e-05,10.345272020514411,ID1343327476,2015/8/14,Vic,Phalaris_Clover,0.71,5.0
97.1917465,79.0,70.88870529061552,127.1272685,115.0,70.87066288831303,58.146738,31.0,64.40977164188178,0.9679915,43.612035,6.3503314211759845,172.0141395,70.31350699243023,127.3472605,70.87328397672243,230.66136073479387,196.45507623366055,70.35195,113.97521827659516,96.1690425,123.59053807688187,5.955596923828125,3.500176097359903,0.1258392333984375,0.1109619140625,0.03485107421875,0.0201873779296875,0.01922607421875,0.026123046875,0.0344696044921875,0.113372802734375,0.1282958984375,0.3866729736328125,6758.665546290693,62.84244697053259,0.0245117314581668,0.005848622924592173,0.23941320646503145,3.429620020247039e-05,10.527957385308499,ID885388135,2015/7/2,Vic,Ryegrass_Clover,0.7,4.0
98.509845,76.0,74.13224947400408,122.1500975,102.0,72.42890361064771,60.8070835,30.0,67.38700835267899,0.9622725,42.0571245,6.367946002558417,167.057067,73.4931340831068,122.3983405,72.47728142215364,244.9401128629996,204.28705634391292,69.464805,113.52605930495417,93.9553875,123.00816628266938,5.93023681640625,3.5072274766294016,0.1318511962890625,0.106842041015625,0.0337066650390625,0.0205230712890625,0.020416259765625,0.024871826171875,0.03515625,0.1143951416015625,0.133453369140625,0.3787841796875,7450.077514239183,65.96655105610479,0.0243283045770095,0.006317644590947024,0.2166972538822906,4.0021140205934206e-05,10.455014079176932,ID534966093,2015/8/14,Vic,Ryegrass_Clover,0.75,4.0
116.910759,110.0,68.08248226999305,149.432047,147.0,66.16247244012118,83.5992995,72.0,66.10004098795476,0.9773905,45.154059,6.240115129107715,136.743102,67.00167851940424,149.560958,66.14733145881422,216.73445495719943,174.6684834433667,74.7454725,116.07415659074051,127.28784,127.49982348275782,5.9096221923828125,3.538203737053326,0.131500244140625,0.1140289306640625,0.0341339111328125,0.0211029052734375,0.017822265625,0.0233917236328125,0.033538818359375,0.110107421875,0.125579833984375,0.3887939453125,5749.596088073677,59.07739775567897,0.021954263263764314,0.00539787229805087,0.2903098235860869,2.917309948944433e-05,10.597822548978789,ID520514019,2015/7/2,Vic,Ryegrass_Clover,0.73,3.0
89.55982,89.0,42.27370193829255,125.871265,132.0,45.494697364635535,64.196335,63.0,37.915539117461776,0.9585155,47.5125875,10.019688945014398,134.921619,47.714069522718745,126.226935,45.61263418731454,90.1796852204499,109.67902998085164,37.3632375,90.17546254951282,92.0839425,122.48245944279813,5.7635040283203125,3.4096473456341814,0.1083221435546875,0.1105499267578125,0.04583740234375,0.0378570556640625,0.0405120849609375,0.042938232421875,0.0451812744140625,0.1083221435546875,0.102691650390625,0.3577880859375,1810.625388507492,29.37814577025779,0.05976566601971985,0.008898920393997662,0.47914842895683263,8.034531525396963e-05,9.78956716236259,ID779628955,2015/9/1,WA,SubcloverLosa,0.79,1.0
112.714825,115.0,51.123807792645636,151.5784445,159.0,51.70547156211246,56.4605785,50.0,45.2673832350108,0.990283,42.4934095,4.226452243348995,175.1205095,51.722895954890326,151.636744,51.68973339144306,133.42196272201164,135.41076981320992,53.96718,104.15937011545148,137.5366725,127.10434770348236,5.845489501953125,3.4771756540949736,0.119049072265625,0.1136627197265625,0.039947509765625,0.027587890625,0.02996826171875,0.03265380859375,0.0395050048828125,0.108428955078125,0.1127777099609375,0.3764190673828125,2975.2192023801726,39.93015120386467,0.03896584059388351,0.007052429853153445,0.3677774064945032,4.9980831208843345e-05,10.176840612508787,ID1620371305,2015/9/30,Vic,Phalaris_Clover,0.79,10.0
116.755767,102.0,71.54393077852036,112.0334945,98.0,71.2721013694592,83.549792,64.0,69.70964676970277,0.289576,30.6915935,28.187223043974328,105.9450075,65.76862272638027,120.775432,71.11414236432428,223.45915212681348,195.84742766185525,72.253485,114.90897519495496,95.156565,123.32944584486208,5.9408721923828125,3.479207823783644,0.12200927734375,0.110107421875,0.036590576171875,0.0218963623046875,0.022918701171875,0.029205322265625,0.0374603271484375,0.1130218505859375,0.122833251953125,0.3839569091796875,6198.25056057293,59.86733431854667,0.025304270380700274,0.005868658839454795,0.3153298727145766,3.4564125154434935e-05,10.5282143905421,ID1997244125,2015/6/26,Tas,Ryegrass_Clover,0.4,3.0
130.151567,135.0,45.237554602835374,149.4037445,158.0,44.84287119352105,55.094921,52.0,38.66292682924769,0.8515275,35.8099575,5.4773930248060285,173.220146,46.47941690403059,151.0912005,44.62261945436193,124.14889281470448,121.73105528534212,56.80074,106.10308494785816,153.0694875,124.90977267206651,5.9306182861328125,3.513227310299682,0.1197052001953125,0.1193084716796875,0.036376953125,0.0233612060546875,0.022064208984375,0.0258331298828125,0.033294677734375,0.10736083984375,0.114501953125,0.398193359375,2489.2185621665976,37.579458907030876,0.036752640885367824,0.008141409405801308,0.27110418135519954,6.663963231554804e-05,9.926258414405451,ID54128926,2015/11/10,Tas,Ryegrass_Clover,0.77,6.8333
116.8292715,120.0,47.686222992383115,138.573112,144.0,44.79875276874855,86.4249755,89.0,48.74503086802181,0.899603,43.6564225,10.391986239477696,112.4427825,57.133991092498455,139.759758,45.13309918210178,157.35631762175018,125.137263692806,67.9981725,112.7642785821833,134.0602575,127.3311156847912,5.95025634765625,3.527817044341781,0.1246490478515625,0.115570068359375,0.035888671875,0.0225830078125,0.0188446044921875,0.0238800048828125,0.031463623046875,0.1064910888671875,0.1195068359375,0.401123046875,2916.196762558364,41.17140848772277,0.03218671856032703,0.0074252383900566665,0.22985770207055412,5.523598532248187e-05,10.076501343608918,ID853954911,2015/6/26,Vic,Ryegrass,0.85,6.0
137.206872,134.0,62.60409206254505,126.375513,122.0,63.61880651180773,87.1416855,78.0,62.062203761380346,0.232362,24.082803,10.955348039345488,119.154453,60.54641062251989,140.667729,62.334268721005785,222.90681291854668,184.38788732044213,76.17666,116.71402988177726,119.62713,127.25670087646895,5.9210968017578125,3.510745293074708,0.1256103515625,0.1126251220703125,0.0364837646484375,0.02203369140625,0.0218505859375,0.0262298583984375,0.0355377197265625,0.1083984375,0.1222381591796875,0.3889923095703125,5084.734431379109,54.92734435073886,0.02541520303983391,0.005681514429523575,0.26111357859871787,3.232072038871968e-05,10.512224418843886,ID1268934251,2015/10/13,Vic,Phalaris_BarleyGrass_SilverGrass_SpearGrass_Clover_Capeweed,0.42,3.3
110.5029545,111.0,50.03972421257864,147.494884,158.0,52.6965514035458,83.7027025,83.0,49.02592013105406,0.9441745,47.3292365,8.945190150414229,124.8462565,50.266334264955184,147.9127225,52.49107956727498,114.88630523917251,129.12788444984176,48.16032,99.80713991242109,140.9733075,126.78611905492826,5.8335723876953125,3.459768456517592,0.1104888916015625,0.119842529296875,0.04107666015625,0.0317840576171875,0.03131103515625,0.03338623046875,0.0411224365234375,0.105560302734375,0.1104583740234375,0.374969482421875,2840.3306741247848,38.40856153582793,0.045657182659727416,0.007524634488903127,0.40679350687395455,5.738432026977707e-05,10.111148767211773,ID638711343,2015/5/18,Tas,Ryegrass,0.76,7.0
97.777225,80.0,69.09543652296709,131.296015,119.0,68.37788420329909,61.2742975,39.0,61.768982024811564,0.976381,45.1508215,6.479823791982137,165.8243125,66.15480846773228,131.483194,68.43732536093417,206.9287307501775,181.2750151982356,65.73186,111.53899264804409,97.69968,123.96850780701358,5.9340362548828125,3.4920953889074324,0.123382568359375,0.1116180419921875,0.03485107421875,0.0233917236328125,0.0231170654296875,0.027862548828125,0.0354461669921875,0.1099395751953125,0.1250152587890625,0.3853759765625,5959.250834445754,58.06507569205523,0.027694540703072437,0.005905927859743403,0.29309113385270497,3.500039838047219e-05,10.496437084037895,ID528010569,2015/8/18,Vic,Phalaris_Clover,0.85,3.8
110.280224,93.0,66.06750579906755,124.4681075,109.0,66.19569936837622,92.304529,74.0,65.45511145119347,0.7926395,45.5503985,19.6537708847742,91.1405275,54.03224656186103,126.4716445,66.63376591462934,137.78554793962334,165.85065393895118,45.339765,97.49843990928663,104.499765,125.40828995702304,5.784576416015625,3.4200298469564125,0.1135101318359375,0.10968017578125,0.0426025390625,0.0332489013671875,0.037445068359375,0.03826904296875,0.0469512939453125,0.114349365234375,0.10882568359375,0.3551177978515625,4164.429535110388,45.22359676867879,0.04990314759877014,0.007020496157735876,0.4877253496215343,5.0098077069263725e-05,10.30104743731028,ID157479394,2015/2/24,NSW,Phalaris,0.69,37.0
107.3124155,92.0,67.2181726176438,124.3895715,112.0,65.8518023257252,61.0281865,41.0,60.99236565358994,0.9032275,38.106245,6.041954071322871,161.3802395,67.15256778726066,125.011517,65.92120550595772,238.1783331621734,186.2091869674767,77.3058,117.20406258470739,94.373715,123.12148164353276,5.9854278564453125,3.5140775318285926,0.12713623046875,0.111968994140625,0.0327301025390625,0.0201416015625,0.0170135498046875,0.021881103515625,0.0318603515625,0.1124114990234375,0.1316375732421875,0.393218994140625,6167.589065309692,60.91660318448813,0.021071305868513798,0.0058279180788273315,0.199625931652258,3.399262634933832e-05,10.505615910224376,ID1140993511,2015/8/14,Vic,Ryegrass_Clover,0.71,2.0
98.848013,95.0,57.90270045474418,137.9913305,138.0,57.68399829536583,62.370639,54.0,51.80984740116186,0.9882955,45.8244345,5.047786768001373,161.3014005,58.58937611238578,138.068072,57.70840500484153,178.6352644562572,153.66149090986653,67.8064125,112.66288479965282,109.5825525,126.23476175398258,5.9698944091796875,3.534656822606216,0.1263885498046875,0.1159515380859375,0.0354461669921875,0.0194091796875,0.01593017578125,0.02215576171875,0.0301361083984375,0.1078338623046875,0.126068115234375,0.4006805419921875,4503.221029201977,52.1067025302834,0.0236732336963025,0.005932037888853236,0.24501012956542706,3.5258641734149375e-05,10.42732582955008,ID1477176296,2015/8/14,Vic,Ryegrass_Clover,0.77,4.0
130.4369935,130.0,48.716381281669086,129.177729,128.0,49.18287445242052,116.41547,116.0,49.220876350173825,0.3135865,66.288632,65.24596197136322,48.3133055,38.27384571954678,137.650903,48.337894050988524,167.77687310250224,151.57859746331886,68.435115,112.99375805741117,127.61781,127.49994557176836,5.95709228515625,3.510150562993258,0.125091552734375,0.1118621826171875,0.0353240966796875,0.0218048095703125,0.0197601318359375,0.025970458984375,0.03350830078125,0.110504150390625,0.119873046875,0.39630126953125,3215.3815448838204,42.04694301771394,0.033503968973094454,0.007289794511930281,0.2105198387360766,5.3224791328502926e-05,10.13954432928844,ID1513184765,2015/6/26,Tas,Ryegrass_Clover,0.41,1.0
112.678256,93.0,73.02344885581937,115.1690045,102.0,72.44737798553498,64.152388,41.0,65.91335719637908,0.520295,31.7038695,11.964744302615484,147.9250055,65.74603859035895,120.9201765,72.12790457727746,158.36606468154235,171.97432497696133,56.00463,105.56828154594119,87.099075,120.92979475358575,5.866668701171875,3.454178623351495,0.1177520751953125,0.109893798828125,0.039398193359375,0.029205322265625,0.029541015625,0.0324249267578125,0.0421295166015625,0.1100006103515625,0.119598388671875,0.37005615234375,5317.692844970601,52.672992659087214,0.03979668726656441,0.006711528490224608,0.4477093096406689,4.565850775884582e-05,10.387370828656644,ID12390962,2015/5/18,Tas,Ryegrass,0.56,5.0
108.121313,93.0,74.73660093392013,116.0855075,103.0,72.76820491785844,91.7073725,73.0,70.87472464599945,0.582042,40.672179,26.70194413131671,87.216521,63.85372608279454,120.230465,73.58465414666142,234.94001319277479,210.939927220948,69.2157975,113.39842035469012,106.404105,125.74264675975672,5.9154510498046875,3.4985621398382984,0.12750244140625,0.1095123291015625,0.0352783203125,0.02239990234375,0.021697998046875,0.027069091796875,0.036041259765625,0.1141204833984375,0.1264495849609375,0.3799285888671875,6108.389348944505,58.427425794779914,0.03153423737270328,0.0065148687493764585,0.3470723421604838,4.263683971457132e-05,10.433805199347805,ID1970522802,2015/5/7,NSW,Fescue,0.55,4.0
107.2422455,89.0,71.09975661433542,115.032208,100.0,70.10019563913309,77.6606445,56.0,66.9688614532502,0.581676,38.617618,26.376145719306226,113.471898,66.5579211159543,119.8887345,70.29507691501952,198.2987678114206,185.68553219212387,66.8919825,112.17360747840682,90.1219725,121.89804370952487,5.95941162109375,3.4761543714796583,0.1208038330078125,0.1108551025390625,0.035247802734375,0.0225982666015625,0.0213775634765625,0.0286102294921875,0.0378875732421875,0.1129608154296875,0.1232757568359375,0.386383056640625,5610.286951879722,56.00749872346378,0.028347528725462864,0.006135563564420627,0.36333854486739786,3.781098733240341e-05,10.471459053821244,ID21377800,2015/6/26,Tas,Ryegrass_Clover,0.59,4.0
127.4445115,128.0,35.84833820453004,150.065569,153.0,32.784464197333456,87.234703,88.0,38.1602507526063,0.9211355,40.9190315,7.522512984502436,113.541416,45.43213909464251,150.943697,33.039509242302486,110.31918798749162,102.36962313001108,53.4223725,103.77261249468114,164.7500175,121.93722235744791,5.9563751220703125,3.501730957280136,0.11846923828125,0.115447998046875,0.037994384765625,0.0243072509765625,0.0214080810546875,0.026580810546875,0.0336456298828125,0.1066436767578125,0.1144256591796875,0.4010772705078125,1488.3496080084371,28.270517754591218,0.04708283356257149,0.010978550695011392,0.2613968059403276,0.00012089522693552858,9.451581938470444,ID383231615,2015/6/26,Vic,Phalaris_Ryegrass_Clover,0.86,4.0
80.727009,51.0,75.3702090279304,115.071048,93.0,75.28957808476348,60.2268085,27.0,69.38662261851582,0.972345,50.8239435,9.911931426760768,161.3315395,71.28173840514793,115.3007345,75.33091320474291,213.00674121029627,219.1392777960397,61.0846125,108.83586864276339,79.4369625,118.09400673308357,5.9255523681640625,3.46618396871788,0.1243133544921875,0.10736083984375,0.033233642578125,0.0229949951171875,0.02496337890625,0.0311126708984375,0.039703369140625,0.1164703369140625,0.12481689453125,0.375030517578125,6814.984559996854,60.240152915966654,0.036362628928360556,0.007535930029857319,0.3148967258939829,5.759966015255712e-05,10.3191497058363,ID290369222,2015/5/18,Tas,Ryegrass,0.85,8.0
123.7484055,123.0,52.75821798267613,137.5703925,142.0,49.8597275553722,107.4834195,106.0,51.76845124288556,0.61281,41.8989735,28.968652542814247,74.734137,44.14232754245331,142.509064,50.2148364016443,150.4905413028217,137.49168342988503,65.2235175,111.25596490717791,135.8620875,127.22549073453146,5.87591552734375,3.4978171927586668,0.1209716796875,0.1133270263671875,0.04132080078125,0.026580810546875,0.024871826171875,0.02911376953125,0.037322998046875,0.105316162109375,0.1165771484375,0.3845977783203125,2916.450207927983,40.88711488670504,0.031818777994507684,0.006896681084735251,0.3497877923491102,4.768737589830885e-05,10.197627731825872,ID846154859,2015/9/4,Tas,Clover,0.62,2.8333
133.1065815,136.0,46.27468595121807,142.5268185,152.0,48.68771788416519,116.563621,119.0,45.70420629841809,0.678036,48.5833605,35.084950677278144,57.635178,31.135626248853836,146.2956135,47.84722549070759,86.98071717552367,103.6023053828029,37.70379,90.51458815923489,159.533865,123.4102163241025,5.771575927734375,3.4319612952190273,0.1119537353515625,0.111785888671875,0.04315185546875,0.036529541015625,0.040283203125,0.0379486083984375,0.0457611083984375,0.1040496826171875,0.106719970703125,0.36181640625,1855.1021384954774,29.865171073025202,0.06138027927618417,0.008809421617430285,0.56043052844587,7.83508426186074e-05,9.890728107042458,ID1121692672,2015/2/24,NSW,Phalaris,0.52,38.0
133.5450555,134.0,52.11306449444246,136.289246,140.0,51.6436772388594,83.0451485,79.0,50.46026777686526,0.5022745,30.5129825,8.297864571966317,120.807461,52.14493353848943,141.8559005,51.44069987698553,204.80903811651774,153.65372217680496,83.28912,119.58949824138243,134.07033,127.33059633760891,5.9533538818359375,3.5263690055484886,0.12628173828125,0.1159210205078125,0.032928466796875,0.0206298828125,0.0187530517578125,0.0242767333984375,0.03369140625,0.1082000732421875,0.1201171875,0.399200439453125,3613.0517662378998,46.972759635719996,0.023952200233415797,0.00656164953688962,0.19480616472280546,4.306859879683098e-05,10.257696869408496,ID1953218650,2015/11/10,Tas,Ryegrass_Clover,0.5,3.1667
100.62421,77.0,70.03468526291742,112.8632005,93.0,69.2436204599153,76.78338,54.0,65.38605433711075,0.735903,42.1116515,20.99158375260303,108.1860985,63.115846741118034,115.1318735,69.39373510541135,213.04228232384168,198.02416956081046,66.3212925,111.86337983732406,84.230325,119.93325320941801,5.9771270751953125,3.4908124247766366,0.1258544921875,0.1092681884765625,0.03265380859375,0.018890380859375,0.0211029052734375,0.025970458984375,0.036407470703125,0.114898681640625,0.125701904296875,0.389251708984375,6292.932552160006,59.489288720102024,0.027159838590444758,0.006464475876916246,0.25585699618280733,4.199643653712362e-05,10.406072149412724,ID605134229,2015/6/26,Tas,Ryegrass_Clover,0.63,2.0
100.1899605,82.0,70.69461477021034,134.3621445,123.0,68.77976147720429,58.996684,31.0,65.6674650417095,0.9881695,44.255288,5.318303492379501,174.823927,69.79448651074576,134.4254345,68.79275666075758,213.39472722721354,192.14527492400944,67.3808175,112.4363548659049,97.8492375,124.00436396824347,5.927093505859375,3.4854907580931482,0.123382568359375,0.1103363037109375,0.035736083984375,0.023834228515625,0.022247314453125,0.02862548828125,0.03839111328125,0.110687255859375,0.12432861328125,0.3824310302734375,6221.70102480233,59.62853747658538,0.02703386866813359,0.005893312235501801,0.27966014623639046,3.4851975254046475e-05,10.506403765868008,ID1208644039,2015/7/1,Vic,Phalaris_Clover,0.79,5.0
115.219281,100.0,75.24756576024926,117.283824,103.0,72.85609106956687,90.527531,70.0,73.86174951247797,0.452197,37.140214,32.57609557688282,96.570554,66.93914502092989,123.832459,73.12227991531255,242.36945563500566,207.711134157972,74.0044425,115.73450361825635,100.9406025,124.70304087886947,5.9195404052734375,3.4919575230067768,0.1271514892578125,0.1095733642578125,0.0336456298828125,0.0214385986328125,0.0218658447265625,0.0301971435546875,0.038116455078125,0.113433837890625,0.1240234375,0.38055419921875,6477.3339485578135,61.114381202558036,0.027255145644713614,0.005890014752250543,0.32244881147535465,3.479599665612017e-05,10.540290539706753,ID196516535,2015/5/18,Tas,Ryegrass,0.45,3.0
93.8454305,71.0,70.85160916852679,121.785135,105.0,69.79686758753415,59.216477,32.0,63.7255947615122,0.9327305,44.4865135,9.669732680602799,160.580759,67.36450962475658,122.3782855,69.92376037929085,197.88387566000742,188.6956789589384,62.79783,109.86300194920533,87.7504725,121.14547066864176,5.9026641845703125,3.4644541926965133,0.1229095458984375,0.1069793701171875,0.0367584228515625,0.0248565673828125,0.0245361328125,0.0325927734375,0.043060302734375,0.1142578125,0.1181182861328125,0.3759307861328125,5567.7858792153975,55.367916681701246,0.03171130675859173,0.006627029389484163,0.356299248740191,4.418230589004135e-05,10.397573584388251,ID48303557,2015/6/26,Tas,Ryegrass_Clover,0.8,4.0
138.2686735,128.0,55.08926678628423,127.3910415,119.0,54.81149862980646,78.817227,66.0,51.20319917769271,0.2735745,24.3645615,8.802394584016204,127.2531075,46.31990377897437,142.9951075,54.63560536466528,158.55834560298547,144.41097317255424,66.7132275,112.07684100220368,105.555975,125.59741146536173,5.8769378662109375,3.4517427413464956,0.1124114990234375,0.1120758056640625,0.0428619384765625,0.031280517578125,0.0304412841796875,0.031402587890625,0.0387115478515625,0.109283447265625,0.1145172119140625,0.37701416015625,3045.666944294654,40.747177978427786,0.03510488507300361,0.007134494655490211,0.4162960491686971,5.106791183546161e-05,10.183620473411391,ID1098771283,2015/11/9,Tas,Clover,0.48,2.6667
132.204712,134.0,63.83791066440894,127.0042475,128.0,64.76042282489159,88.1911445,85.0,62.17710053773913,0.334304,27.123307,12.306519994854396,115.122877,61.67532189006291,137.5947075,64.03071473511321,205.9198020208544,180.62527395603345,71.1882225,114.3907064179188,125.20551,127.47935250714093,5.8622894287109375,3.498696574083062,0.1239471435546875,0.112762451171875,0.038421630859375,0.026611328125,0.02581787109375,0.0288543701171875,0.0360260009765625,0.109344482421875,0.1201934814453125,0.378021240234375,4725.899078374745,51.94356793361369,0.030445000667220463,0.0059474833283137815,0.3458479241013738,3.543507438647826e-05,10.455679887033886,ID1789834546,2015/10/14,Vic,Phalaris_Clover_Ryegrass_Barleygrass_Bromegrass,0.52,4.1667
118.2657475,114.0,61.11555556293539,131.47111,133.0,60.31959092507095,77.2362865,68.0,57.53872461386258,0.7279375,37.021398,11.236935263922984,130.884199,59.87067172771991,135.569842,60.97007625134674,174.46190390298995,166.19760313417262,68.0280075,112.78001643943819,116.9143125,127.05980174765082,5.9086151123046875,3.4938293467840342,0.1217803955078125,0.1130828857421875,0.0371551513671875,0.0246734619140625,0.0244903564453125,0.0284271240234375,0.0377197265625,0.106658935546875,0.11993408203125,0.386077880859375,4121.094474541499,48.30293435818511,0.029880002657228753,0.00596211807596766,0.3531167507438555,3.564451658846973e-05,10.436843790432704,ID753699705,2015/2/24,NSW,Ryegrass,0.74,13.0
106.2664135,114.0,69.34037145377154,123.982228,140.0,68.15728581124701,83.313413,84.0,61.96975220453469,0.7854715,44.1085465,16.377563865158262,111.7589695,62.62360795896441,126.739557,69.48403324824886,176.12440303614378,180.60859152643317,59.98824,108.15919869203174,127.47297,127.49999713481998,5.83648681640625,3.485438530420227,0.1192626953125,0.1154632568359375,0.039642333984375,0.0300445556640625,0.02880859375,0.0310211181640625,0.0350341796875,0.107391357421875,0.12066650390625,0.3726654052734375,4278.696350021927,47.18144193339491,0.050408345515128,0.007666762989592055,0.4833068325034745,5.914738148614142e-05,10.223405306584791,ID670276799,2015/1/15,NSW,Fescue_CrumbWeed,0.66,6.0
142.700937,142.0,64.44829428559014,119.3696895,116.0,65.61311947448918,86.520053,78.0,62.87535906758061,0.061608,18.4136845,10.986698213497073,123.70197,61.6465526134195,143.460471,64.42888985120074,251.80062647819247,189.85297414365075,82.6129875,119.33736258533972,118.6429575,127.19199187902198,5.9232025146484375,3.5225203175360984,0.12896728515625,0.1131439208984375,0.0336151123046875,0.0214691162109375,0.01971435546875,0.0250091552734375,0.033447265625,0.1126708984375,0.122528076171875,0.389434814453125,5554.430144836783,58.253872639138166,0.021690706492487832,0.0055410404550268865,0.22766635833342774,3.0723986292320294e-05,10.543821860820355,ID1874904894,2015/10/13,Vic,Phalaris_BarleyGrass_SilverGrass_SpearGrass_Clover_Capeweed,0.3,3.0
114.1886545,102.0,65.9626356582242,131.8670285,125.0,66.08658510681416,70.562481,53.0,60.01311570085858,0.7391865,36.9506185,10.03462749520169,143.8234655,63.502041825994134,134.890164,66.17852280803119,161.91937112857084,164.37705508472934,58.3969125,107.14949042327424,111.1803825,126.45125576542802,5.8286285400390625,3.456473575987515,0.1185760498046875,0.109405517578125,0.042877197265625,0.0296630859375,0.0287322998046875,0.0343170166015625,0.0446929931640625,0.1119537353515625,0.111907958984375,0.3678741455078125,4262.56171715863,47.75015102365198,0.03466036179526853,0.0063719500868199145,0.4476421678209898,4.0877121576780214e-05,10.383440703386919,ID950496197,2015/9/4,Tas,Clover,0.72,2.6667
114.7470275,116.0,48.27339657010105,153.7062745,162.0,48.40058159599583,60.978532,57.0,42.66893621974863,0.9917945,42.731892,3.59436490917881,166.3422075,46.79029752552279,153.7868615,48.39098097248927,73.12289770441052,95.14753425764812,28.42485,80.25188254787237,143.5197375,126.48959645137259,5.6226959228515625,3.3319268422340818,0.0975189208984375,0.109100341796875,0.0508270263671875,0.049896240234375,0.0607147216796875,0.052886962890625,0.0516357421875,0.1046295166015625,0.092376708984375,0.330413818359375,1679.2719026036361,27.171115316225034,0.0711040348895318,0.009101080786680999,0.6074702054312948,8.445103270367109e-05,9.816507791422982,ID1789265307,2015/11/9,Tas,Clover,0.87,7.1667
111.08775,113.0,53.2672727379345,131.317116,138.0,53.71440775474067,104.31854,107.0,54.9159362504947,0.896873,53.85752,18.259250791026453,73.433942,49.65698413456696,132.2393695,53.67672577330393,142.61118334064872,143.13215302363025,53.8219575,104.05669634083235,126.7481325,127.4977830994031,5.8283233642578125,3.4727056076253326,0.11492919921875,0.115447998046875,0.041839599609375,0.0328826904296875,0.032012939453125,0.032379150390625,0.038482666015625,0.10205078125,0.1144256591796875,0.37554931640625,3462.8009881868115,42.624314911935016,0.040816686166292845,0.006936142332201597,0.3534895567497403,4.84891809407305e-05,10.242714501690372,ID61833032,2015/6/30,Vic,Phalaris_Clover,0.8,4.8
117.572596,104.0,71.19386802120519,119.0876845,106.0,69.01394723480507,82.134842,62.0,70.68862538368558,0.488779,33.0887415,21.359364326828125,118.823882,71.48374752662367,124.9363605,69.53974221633297,268.25362024044307,204.82577607785657,81.33327,118.84815118926798,100.425375,124.59219349987131,5.960693359375,3.4958793276025744,0.1246185302734375,0.11065673828125,0.0342254638671875,0.0217437744140625,0.0205535888671875,0.026580810546875,0.0348052978515625,0.1106414794921875,0.127655029296875,0.388519287109375,6312.265826591361,61.57774457241547,0.02218297457634719,0.005680258051561788,0.23880201768276055,3.230069398256497e-05,10.549688533873352,ID1993907137,2015/5/18,Tas,Ryegrass,0.5,3.0
113.5078055,115.0,54.2708933874703,141.066438,146.0,52.54957860908268,100.8454615,100.0,52.905574511123284,0.952792,53.653937,15.651165975735836,88.3322685,52.00163115849257,141.417956,52.531411572335124,159.7203231351123,147.67071089290292,65.9991,111.68656722806908,134.2385025,127.32180718187082,5.928924560546875,3.50221167435446,0.12255859375,0.114349365234375,0.0359649658203125,0.02276611328125,0.02197265625,0.0268402099609375,0.0375823974609375,0.108795166015625,0.117340087890625,0.3918304443359375,3604.1904762893364,45.75939088932398,0.028599308519050126,0.006445095220975099,0.28793937194559804,4.1644503460621645e-05,10.303053820455178,ID364856705,2015/9/3,Tas,Ryegrass_Clover,0.85,3.3333
113.1145525,94.0,70.51980006512173,111.2039305,95.0,71.06364227121468,69.4160845,45.0,65.57967162306366,0.420596,29.232053,15.484798332725907,133.714976,65.88892489120933,118.9519385,70.49005860823364,223.55192460235241,196.5493304836831,71.482875,114.53528585870106,89.0632125,121.56834853974057,5.949737548828125,3.4808226081994174,0.121673583984375,0.110260009765625,0.036834716796875,0.0227508544921875,0.0218048095703125,0.0273284912109375,0.0352783203125,0.11480712890625,0.1249847412109375,0.38427734375,6002.190555782198,58.546476430356535,0.02732112980934889,0.006351523342469507,0.3153233562635677,4.0520528026689537e-05,10.443772194246352,ID307060225,2015/6/26,Tas,Ryegrass_Clover,0.53,2.0
116.996396,118.0,53.6366255371382,145.158432,154.0,59.14478601112169,109.700988,111.0,53.5456891525719,0.8997535,54.3637475,17.092673028413188,76.042231,36.91264681030933,146.177265,58.34305759145449,82.27791558092308,112.2248878888212,33.3798825,86.00961272896299,143.3916,126.50575895760633,5.6116943359375,3.374987335093012,0.1004486083984375,0.1141204833984375,0.055694580078125,0.048919677734375,0.050048828125,0.046234130859375,0.0478057861328125,0.1052093505859375,0.098907470703125,0.332611083984375,1780.912999657662,27.061002408929525,0.0770099741491889,0.008472923211976919,0.7097899807188133,7.292730444541812e-05,9.93964350506933,ID1415329644,2015/4/1,NSW,Lucerne,0.83,38.0
106.936095,94.0,71.89725289015553,132.890491,125.0,71.53134593853886,69.5404915,50.0,64.41163593201485,0.901848,42.547554,9.303977354716853,152.1255335,68.96696909275035,133.862672,71.71354454369421,201.2532587614139,193.623603677112,63.8386125,110.46935204650583,111.8079375,126.53066495714029,5.8562774658203125,3.4828710263371305,0.1242828369140625,0.1125335693359375,0.0365753173828125,0.0243072509765625,0.02545166015625,0.030792236328125,0.04058837890625,0.1159820556640625,0.1188812255859375,0.37060546875,5426.704320003949,54.69372546016934,0.033501998409141795,0.006269000311311199,0.3967467214619795,3.949207819041895e-05,10.432465947751943,ID1314135397,2015/1/15,NSW,Fescue_CrumbWeed,0.75,6.0
122.168945,126.0,51.357309826226064,143.9425005,154.0,55.76933094728231,122.512665,128.0,52.71424297661662,0.894986,65.401053,26.951130894476215,56.4173365,29.392873162482235,145.001239,54.377247304960925,80.78251598267168,102.63916529039682,34.9547625,87.70193279551253,149.3033925,125.6219012572686,5.6714019775390625,3.377559435309588,0.1002655029296875,0.1136474609375,0.0521087646484375,0.046112060546875,0.0477447509765625,0.04534912109375,0.0492401123046875,0.104522705078125,0.0987091064453125,0.3423004150390625,1561.8957177378006,26.150117788230187,0.07242641456825681,0.00865965696739946,0.7205469499520568,7.617248918895291e-05,9.88912137839601,ID789169173,2015/4/1,NSW,Lucerne,0.86,37.0
143.058125,145.0,54.89403569136061,150.854672,157.0,52.97006898024973,82.647577,79.0,52.13982135593743,0.607421,32.232457,10.115578566901203,136.098267,52.67308692868409,158.6430215,52.79197254176564,144.11789315852337,133.8057882251304,63.21756,110.1091181857633,155.927655,124.29045993639647,5.850738525390625,3.485163001771393,0.1167449951171875,0.115142822265625,0.0435638427734375,0.029571533203125,0.0274810791015625,0.0300750732421875,0.036285400390625,0.108123779296875,0.1122283935546875,0.3807830810546875,2999.5683201473794,41.20362904291732,0.03356822319234911,0.006759944718083596,0.3960208039752547,4.591550527539172e-05,10.239122997475356,ID1084819986,2015/9/4,Tas,Clover,0.69,3.1667
